Workbook

Sheet isight2_AF_07 14 26
A1: screeningId | B1: randomId | C1: studyEye | D1: thisFormsEye | E1: visitNum | F1: visitSub | G1: visitDesc | H1: centerId | I1: dateOfVisit | J1: performedDate | K1: imageNotAvailable | L1: imageNotAvailableComment | M1: quality | N1: generalComment | O1: reticularPseudodrusen | P1: overallAFPattern | Q1: totalChangeInAFPatternFU | R1: peripapillaryAtrophyTemporal | S1: peripapillaryAtrophySuperior | T1: peripapillaryAtrophyNasal | U1: peripapillaryAtrophyInferior | V1: gaPresent | W1: gaAreaR1 | X1: gaAreaR2 | Y1: gaAreaR3 | Z1: gaAreaCD | AA1: gaAreaIBR1 | AB1: gaAreaIBR2 | AC1: gaAreaIBR3 | AD1: gaAreaIBCD | AE1: gaAreaDAR1 | AF1: gaAreaDAR2 | AG1: gaAreaDAR3 | AH1: gaDistanceFoveaR1 | AI1: gaDistanceFoveaR2 | AJ1: gaDistanceFoveaR3 | AK1: gaDistanceFoveaCD | AL1: confluentPeripapillaryAtrophy | AM1: increasedConfluenceOfGA | AN1: junctionalZoneOfAFPattern | AO1: junctionalZoneAdjacentSubPattern | AP1: junctionalZoneDiffuseSubPattern
A2: ILS201001D | B2: ILS201001D | C2: Right | D2: Right | E2: 1 | F2: 1 | G2: Screening | H2: 1 | I2: 45867 | J2: 45867 | K2: FALSE | L2: NULL | M2: Fair | N2: NULL | O2: Yes | P2: Patchy | Q2: NULL | R2: Beta | S2: Beta | T2: Beta | U2: Beta | V2: 0 | W2: NULL | X2: NULL | Y2: NULL | Z2: FALSE | AA2: NULL | AB2: NULL | AC2: NULL | AD2: FALSE | AE2: NULL | AF2: NULL | AG2: NULL | AH2: NULL | AI2: NULL | AJ2: NULL | AK2: FALSE | AL2: NULL | AM2: NULL | AN2: NULL | AO2: NULL | AP2: NULL
A3: ILS201001S | B3: ILS201001S | C3: Left | D3: Left | E3: 1 | F3: 1 | G3: Screening | H3: 1 | I3: 45867 | J3: 45867 | K3: FALSE | L3: NULL | M3: Fair | N3: NULL | O3: Yes | P3: Patchy | Q3: NULL | R3: Beta | S3: Beta | T3: Beta | U3: Beta | V3: 0 | W3: NULL | X3: NULL | Y3: NULL | Z3: FALSE | AA3: NULL | AB3: NULL | AC3: NULL | AD3: FALSE | AE3: NULL | AF3: NULL | AG3: NULL | AH3: NULL | AI3: NULL | AJ3: NULL | AK3: FALSE | AL3: NULL | AM3: NULL | AN3: NULL | AO3: NULL | AP3: NULL
A4: ILS201003D | B4: ILS201003D | C4: Right | D4: Right | E4: 1 | F4: 1 | G4: Screening | H4: 1 | I4: 45897 | J4: 45897 | K4: FALSE | L4: NULL | M4: Fair | N4: well defined area of central hypo AF that correlates to iRORA not cRORA by OCT | O4: Yes | P4: Focal Plaque-like | Q4: NULL | R4: Beta | S4: Beta | T4: CD | U4: Beta | V4: 0 | W4: NULL | X4: NULL | Y4: NULL | Z4: FALSE | AA4: NULL | AB4: NULL | AC4: NULL | AD4: FALSE | AE4: NULL | AF4: NULL | AG4: NULL | AH4: NULL | AI4: NULL | AJ4: NULL | AK4: FALSE | AL4: NULL | AM4: NULL | AN4: NULL | AO4: NULL | AP4: NULL
A5: ILS201003D | B5: ILS201003D | C5: Right | D5: Right | E5: 8 | F5: 1 | G5: Month 6 - Day 187 (+/-14 days) | H5: 1 | I5: 46113 | J5: 46113 | K5: FALSE | L5: NULL | M5: Fair | N5: NULL | O5: Yes | P5: Minimal Change | Q5: Stable | R5: Beta | S5: Alpha | T5: Alpha | U5: Beta | V5: 0 | W5: NULL | X5: NULL | Y5: NULL | Z5: FALSE | AA5: NULL | AB5: NULL | AC5: NULL | AD5: FALSE | AE5: NULL | AF5: NULL | AG5: NULL | AH5: NULL | AI5: NULL | AJ5: NULL | AK5: FALSE | AL5: NULL | AM5: NULL | AN5: NULL | AO5: NULL | AP5: NULL
A6: ILS201003D | B6: ILS201003D | C6: Right | D6: Right | E6: 9 | F6: 2 | G6: Unscheduled Visit | H6: 1 | I6: 46140 | J6: 46140 | K6: FALSE | L6: NULL | M6: Fair | N6: NULL | O6: Yes | P6: Focal Increase | Q6: Stable | R6: Beta | S6: Beta | T6: Alpha | U6: Beta | V6: 0 | W6: NULL | X6: NULL | Y6: NULL | Z6: FALSE | AA6: NULL | AB6: NULL | AC6: NULL | AD6: FALSE | AE6: NULL | AF6: NULL | AG6: NULL | AH6: NULL | AI6: NULL | AJ6: NULL | AK6: FALSE | AL6: NULL | AM6: NULL | AN6: NULL | AO6: NULL | AP6: NULL
A7: ILS201003S | B7: ILS201003S | C7: Left | D7: Left | E7: 1 | F7: 1 | G7: Screening | H7: 1 | I7: 45897 | J7: 45897 | K7: FALSE | L7: NULL | M7: Fair | N7: well defined area of central hypo AF that correlates to iRORA not cRORA by OCT | O7: Yes | P7: Reticular | Q7: NULL | R7: Beta | S7: Beta | T7: CD | U7: Beta | V7: 0 | W7: NULL | X7: NULL | Y7: NULL | Z7: FALSE | AA7: NULL | AB7: NULL | AC7: NULL | AD7: FALSE | AE7: NULL | AF7: NULL | AG7: NULL | AH7: NULL | AI7: NULL | AJ7: NULL | AK7: FALSE | AL7: NULL | AM7: NULL | AN7: NULL | AO7: NULL | AP7: NULL
A8: ILS201003S | B8: ILS201003S | C8: Left | D8: Left | E8: 8 | F8: 1 | G8: Month 6 - Day 187 (+/-14 days) | H8: 1 | I8: 46113 | J8: 46113 | K8: FALSE | L8: NULL | M8: Fair | N8: NULL | O8: Yes | P8: Reticular | Q8: Stable | R8: Beta | S8: Beta | T8: Alpha | U8: Beta | V8: 0 | W8: NULL | X8: NULL | Y8: NULL | Z8: FALSE | AA8: NULL | AB8: NULL | AC8: NULL | AD8: FALSE | AE8: NULL | AF8: NULL | AG8: NULL | AH8: NULL | AI8: NULL | AJ8: NULL | AK8: FALSE | AL8: NULL | AM8: NULL | AN8: NULL | AO8: NULL | AP8: NULL
A9: ILS201003S | B9: ILS201003S | C9: Left | D9: Left | E9: 9 | F9: 2 | G9: Unscheduled Visit | H9: 1 | I9: 46140 | J9: 46140 | K9: FALSE | L9: NULL | M9: Poor | N9: Image out of focus and grainy.Reticular Pseudodrusen and Overall Pattern of Autofluorescence because of poor quality. | O9: CD | P9: CD | Q9: NULL | R9: Beta | S9: Beta | T9: Alpha | U9: Beta | V9: 0 | W9: NULL | X9: NULL | Y9: NULL | Z9: FALSE | AA9: NULL | AB9: NULL | AC9: NULL | AD9: FALSE | AE9: NULL | AF9: NULL | AG9: NULL | AH9: NULL | AI9: NULL | AJ9: NULL | AK9: FALSE | AL9: NULL | AM9: NULL | AN9: NULL | AO9: NULL | AP9: NULL
A10: ILS201004D | B10: ILS201004D | C10: Right | D10: Right | E10: 1 | F10: 1 | G10: Screening | H10: 1 | I10: 45939 | J10: 45939 | K10: FALSE | L10: NULL | M10: Fair | N10: NULL | O10: Yes | P10: Focal Increase | Q10: NULL | R10: Beta | S10: Alpha | T10: Alpha | U10: Beta | V10: 2-5 | W10: 0.156 | X10: 0.155 | Y10: NULL | Z10: FALSE | AA10: NULL | AB10: NULL | AC10: NULL | AD10: FALSE | AE10: 0.061 | AF10: 0.061 | AG10: NULL | AH10: 0.750 | AI10: 0.804 | AJ10: NULL | AK10: FALSE | AL10: No | AM10: NULL | AN10: Yes | AO10: Focal | AP10: Fine Granular Plus
A11: ILS201004S | B11: ILS201004S | C11: Left | D11: Left | E11: 1 | F11: 1 | G11: Screening | H11: 1 | I11: 45939 | J11: 45939 | K11: FALSE | L11: NULL | M11: Fair | N11: NULL | O11: No | P11: Focal Increase | Q11: NULL | R11: Beta | S11: Alpha | T11: Alpha | U11: Alpha | V11: 1 | W11: 4.490 | X11: 4.518 | Y11: NULL | Z11: FALSE | AA11: NULL | AB11: NULL | AC11: NULL | AD11: FALSE | AE11: 1.768 | AF11: 1.779 | AG11: NULL | AH11: 0.000 | AI11: 0.000 | AJ11: NULL | AK11: FALSE | AL11: No | AM11: NULL | AN11: Yes | AO11: Focal | AP11: Fine Granular Plus
A12: ILS201005D | B12: ILS201005D | C12: Right | D12: Right | E12: 1 | F12: 1 | G12: Screening | H12: 1 | I12: 45971 | J12: 45971 | K12: FALSE | L12: NULL | M12: Fair | N12: stellate pattern of central hyperfluorescence | O12: Yes | P12: Linear | Q12: NULL | R12: Beta | S12: Alpha | T12: Alpha | U12: Beta | V12: 0 | W12: NULL | X12: NULL | Y12: NULL | Z12: FALSE | AA12: NULL | AB12: NULL | AC12: NULL | AD12: FALSE | AE12: NULL | AF12: NULL | AG12: NULL | AH12: NULL | AI12: NULL | AJ12: NULL | AK12: FALSE | AL12: NULL | AM12: NULL | AN12: NULL | AO12: NULL | AP12: NULL
A13: ILS201005S | B13: ILS201005S | C13: Left | D13: Left | E13: 1 | F13: 1 | G13: Screening | H13: 1 | I13: 45971 | J13: 45971 | K13: FALSE | L13: NULL | M13: Fair | N13: stellate hyperfluorescence consistent with pattern dystrophy | O13: Yes | P13: Linear | Q13: NULL | R13: Beta | S13: Beta | T13: Alpha | U13: Beta | V13: 0 | W13: NULL | X13: NULL | Y13: NULL | Z13: FALSE | AA13: NULL | AB13: NULL | AC13: NULL | AD13: FALSE | AE13: NULL | AF13: NULL | AG13: NULL | AH13: NULL | AI13: NULL | AJ13: NULL | AK13: FALSE | AL13: NULL | AM13: NULL | AN13: NULL | AO13: NULL | AP13: NULL
... A31: ILS233001S | B31: ILS233001S | C31: Left | D31: Left | E31: 1 | F31: 1 | G31: Screening | H31: 33 | I31: 46071 | J31: 46071 | K31: FALSE | L31: NULL | M31: Fair | N31: NULL | O31: Yes | P31: Reticular | Q31: NULL | R31: Beta | S31: Beta | T31: Alpha | U31: Beta | V31: 0 | W31: NULL | X31: NULL | Y31: NULL | Z31: FALSE | AA31: NULL | AB31: NULL | AC31: NULL | AD31: FALSE | AE31: NULL | AF31: NULL | AG31: NULL | AH31: NULL | AI31: NULL | AJ31: NULL | AK31: FALSE | AL31: NULL | AM31: NULL | AN31: NULL | AO31: NULL | AP31: NULL

Sheet KPI Scoring
A1: Category | B1: KPI | C1: Description | D1: Measurement | E1: Target | F1: Category Weight (%) | G1: KPIs in Category | H1: KPI Weight (points) | I1: Status | J1: Points Earned | K1: Notes
A2: Performance & Delivery | B2: Task Completion Rate | C2: Percentage of assigned tasks completed within agreed timelines | D2: (# completed on time ÷ total assigned) × 100 | E2: ≥ 90% | F2: 35 | G2: 4 | H2: 8.75 | I2: Met | J2: =IF(I2="Met",H2,IF(I2="Partial",H2*0.5,0)) -> 8.75
A3: Performance & Delivery | B3: Quality of Output | C3: Accuracy, attention to detail, and adherence to standards | D3: % of work approved without revisions | E3: ≥ 95% | F3: 35 | G3: 4 | H3: 8.75 | I3: Met | J3: =IF(I3="Met",H3,IF(I3="Partial",H3*0.5,0)) -> 8.75
A4: Performance & Delivery | B4: Process Efficiency | C4: Ability to complete tasks with minimal rework | D4: # of reworks per project or task | E4: ≤ 10% | F4: 35 | G4: 4 | H4: 8.75 | I4: Partial | J4: =IF(I4="Met",H4,IF(I4="Partial",H4*0.5,0)) -> 4.375
A5: Performance & Delivery | B5: Documentation & Compliance | C5: Following team processes, SOPs, and file protocols | D5: Audit or lead review | E5: Full compliance | F5: 35 | G5: 4 | H5: 8.75 | I5: Met | J5: =IF(I5="Met",H5,IF(I5="Partial",H5*0.5,0)) -> 8.75
A6: Collaboration & Team Engagement | B6: Cross-Team Communication | C6: Timely, professional interaction with colleagues and other teams | D6: Peer feedback survey | E6: ≥ 4/5 | F6: 20 | G6: 4 | H6: 5 | I6: Met | J6: =IF(I6="Met",H6,IF(I6="Partial",H6*0.5,0)) -> 5
A7: Collaboration & Team Engagement | B7: Meeting Participation | C7: Attendance and constructive contribution in meetings | D7: Attendance record + feedback | E7: ≥ 90% participation | F7: 20 | G7: 4 | H7: 5 | I7: Met | J7: =IF(I7="Met",H7,IF(I7="Partial",H7*0.5,0)) -> 5
A8: Collaboration & Team Engagement | B8: Collaboration Quality | C8: How effectively the member works with others to achieve shared goals | D8: 360° feedback | E8: Positive trend | F8: 20 | G8: 4 | H8: 5 | I8: Met | J8: =IF(I8="Met",H8,IF(I8="Partial",H8*0.5,0)) -> 5
A9: Collaboration & Team Engagement | B9: Team Morale Contribution | C9: Proactive positivity, mentorship, or support of peers | D9: Peer/lead feedback | E9: Demonstrated contribution | F9: 20 | G9: 4 | H9: 5 | I9: Met | J9: =IF(I9="Met",H9,IF(I9="Partial",H9*0.5,0)) -> 5
A10: Ownership & Initiative | B10: Accountability | C10: Consistency in following through on commitments | D10: Manager review + peer inputs | E10: Consistent accountability | F10: 20 | G10: 4 | H10: 5 | I10: Partial | J10: =IF(I10="Met",H10,IF(I10="Partial",H10*0.5,0)) -> 2.5
A11: Ownership & Initiative | B11: Problem Solving | C11: Identifies and resolves issues proactively | D11: # of issues resolved without escalation | E11: ≥ 80% | F11: 20 | G11: 4 | H11: 5 | I11: Partial | J11: =IF(I11="Met",H11,IF(I11="Partial",H11*0.5,0)) -> 2.5
A12: Ownership & Initiative | B12: Innovation & Continuous Improvement | C12: Suggestions, ideas, or efficiencies introduced | D12: # of improvements suggested or implemented | E12: ≥ 1 per quarter | F12: 20 | G12: 4 | H12: 5 | I12: Partial | J12: =IF(I12="Met",H12,IF(I12="Partial",H12*0.5,0)) -> 2.5
A13: Ownership & Initiative | B13: Dependability Index | C13: Reliability under deadlines or pressure | D13: Lead assessment | E13: Above Average | F13: 20 | G13: 4 | H13: 5 | I13: Partial | J13: =IF(I13="Met",H13,IF(I13="Partial",H13*0.5,0)) -> 2.5
... A21: Business & Impact Alignment | B21: Strategic Alignment | C21: Understanding and acting in line with company goals | D21: Leadership evaluation | E21: Strong alignment | F21: 10 | G21: 4 | H21: 2.5 | I21: Met | J21: =IF(I21="Met",H21,IF(I21="Partial",H21*0.5,0)) -> 2.5

Sheet How Scoring Works
A1: Simple Scoring (total = 100 points)
A2: 1) Each category has a weight. All categories together add up to 100.
A3: 2) Inside a category, each KPI shares that category's points equally.
A4: 3) For each KPI, pick a Status:
A5: - Met → 100% of KPI Weight
A6: - Partial → 50% of KPI Weight
A7: - Not Met → 0% of KPI Weight
A8: Your total score is the sum of 'Points Earned' across all KPIs (out of 100).

Sheet Summary
A1: Category | B1: Total Points (earned) | C1: Max Points (category weight) | D1: Status
A2: Performance & Delivery | B2: =SUMIF('KPI Scoring'!A:A, A2, 'KPI Scoring'!J:J) -> 30.625 | C2: 35 | D2: =IF(B2/C2>=0.85,"On Track",IF(B2/C2>=0.7,"Improve","Needs Attention")) -> On Track
A3: Collaboration & Team Engagement | B3: =SUMIF('KPI Scoring'!A:A, A3, 'KPI Scoring'!J:J) -> 20 | C3: 20 | D3: =IF(B3/C3>=0.85,"On Track",IF(B3/C3>=0.7,"Improve","Needs Attention")) -> On Track
A4: Ownership & Initiative | B4: =SUMIF('KPI Scoring'!A:A, A4, 'KPI Scoring'!J:J) -> 10 | C4: 20 | D4: =IF(B4/C4>=0.85,"On Track",IF(B4/C4>=0.7,"Improve","Needs Attention")) -> Needs Attention
A5: Learning & Growth | B5: =SUMIF('KPI Scoring'!A:A, A5, 'KPI Scoring'!J:J) -> 13.125 | C5: 15 | D5: =IF(B5/C5>=0.85,"On Track",IF(B5/C5>=0.7,"Improve","Needs Attention")) -> On Track
A6: Business & Impact Alignment | B6: =SUMIF('KPI Scoring'!A:A, A6, 'KPI Scoring'!J:J) -> 8.75 | C6: 10 | D6: =IF(B6/C6>=0.85,"On Track",IF(B6/C6>=0.7,"Improve","Needs Attention")) -> On Track
A7: OVERALL TOTAL | B7: =SUM(B2:B6) -> 82.5 | C7: 100 | D7: =IF(B7/C7>=0.85,"On Track",IF(B7/C7>=0.7,"Improve","Needs Attention")) -> Improve
